,RYM_rating,album_name,artist_name,genre[0],genre[1],genre[2],rating
0,4.23,OK Computer,Radiohead,Alternative Rock,Art Rock,,41673
1,4.23,The Dark Side of the Moon,Pink Floyd,Art Rock,Progressive Rock,,35458
2,4.29,The Velvet Underground & Nico,The Velvet Underground,Art Rock,Experimental Rock,,27824
3,4.19,Kid A,Radiohead,Art Rock,Experimental Rock,Electronic,34019
4,4.27,Wish You Were Here,Pink Floyd,Progressive Rock,Art Rock,,28795
5,4.3,In the Court of the Crimson King,King Crimson,Progressive Rock,Art Rock,,24018
6,4.21,Loveless,My Bloody Valentine,Shoegaze,Noise Pop,,27085
7,4.21,Pet Sounds,The Beach Boys,Baroque Pop,,,21031
8,4.29,Abbey Road,The Beatles,Pop Rock,,,27004
9,4.27,Revolver,The Beatles,Pop Rock,,,26834
10,4.27,Kind of Blue,Miles Davis,Modal Jazz,Cool Jazz,,17944
11,4.17,Led Zeppelin [IV],Led Zeppelin,Hard Rock,,,23644
12,4.28,The Rise and Fall of Ziggy Stardust and the Spiders From Mars,David Bowie,Glam Rock,Pop Rock,,23421
13,4.21,Paranoid,Black Sabbath,Heavy Metal,Hard Rock,,21545
14,4.09,In the Aeroplane Over the Sea,Neutral Milk Hotel,Indie Folk,Indie Rock,,26229
15,4.16,Doolittle,Pixies,Alternative Rock,Indie Rock,,21392
16,4.32,A Love Supreme,John Coltrane,Spiritual Jazz,Avant-Garde Jazz,,14566
17,4.15,Lift Yr. Skinny Fists Like Antennas to Heaven!,Godspeed You Black Emperor!,Post-Rock,,,19352
18,4.13,Unknown Pleasures,Joy Division,Post-Punk,,,22914
19,4.05,In Rainbows,Radiohead,Art Rock,Alternative Rock,,25365
20,4.2,Pink Moon,Nick Drake,Contemporary Folk,Singer/Songwriter,,17737
21,4.22,Remain in Light,Talking Heads,New Wave,Post-Punk,,18736
22,4.23,Highway 61 Revisited,Bob Dylan,Folk Rock,Singer/Songwriter,,17754
23,4.15,The Doors,The Doors,Psychedelic Rock,,,19676
24,4.15,The Queen Is Dead,The Smiths,Jangle Pop,Indie Pop,,20634
25,4.17,Sgt. Pepper's Lonely Hearts Club Band,The Beatles,Psychedelic Pop,Pop Rock,,27337
26,4.09,Animals,Pink Floyd,Progressive Rock,Art Rock,,21615
27,4.03,Funeral,Arcade Fire,Indie Rock,Chamber Pop,,25119
28,4.14,Low,David Bowie,Art Rock,Experimental Rock,,17081
29,4.18,Marquee Moon,Television,Art Punk,,,16542
30,3.92,Nevermind,Nirvana,Grunge,Alternative Rock,,27071
31,4.18,Enter the Wu-Tang (36 Chambers),Wu-Tang Clan,East Coast Hip Hop,Boom Bap,Hardcore Hip Hop,15502
32,4.18,Illmatic,Nas,East Coast Hip Hop,Boom Bap,Hardcore Hip Hop,15498
33,4.35,The Black Saint and the Sinner Lady,Mingus,Avant-Garde Jazz,Third Stream,,10916
34,4.17,The Beatles [White Album],The Beatles,Pop Rock,Rock,,22352
35,4.11,Closer,Joy Division,Post-Punk,,,18312
36,4.21,Red,King Crimson,Progressive Rock,Art Rock,,13014
37,4.07,London Calling,The Clash,Punk Rock,New Wave,,19732
38,3.91,The Bends,Radiohead,Alternative Rock,,,28659
39,4.2,Blonde on Blonde,Bob Dylan,Folk Rock,Singer/Songwriter,,15057
40,4.09,To Pimp a Butterfly,Kendrick Lamar,Conscious Hip Hop,West Coast Hip Hop,Jazz Rap,16499
41,4.18,Are You Experienced,The Jimi Hendrix Experience,Psychedelic Rock,Blues Rock,Acid Rock,15395
42,4.08,Daydream Nation,Sonic Youth,Noise Rock,Alternative Rock,,17942
43,4.05,Ágætis byrjun,Sigur Rós,Post-Rock,,,17624
44,4.11,Spiderland,Slint,Math Rock,Post-Rock,Post-Hardcore,16886
45,4.14,Disintegration,The Cure,Gothic Rock,Post-Punk,,16265
46,4.13,Madvillainy,Madvillain,Abstract Hip Hop,,,14314
47,4.01,Master of Puppets,Metallica,Thrash Metal,,,20159
48,4.11,F♯A♯∞,Godspeed You Black Emperor!,Post-Rock,,,14937
49,3.98,My Beautiful Dark Twisted Fantasy,Kanye West,Hip Hop,Pop Rap,,19576
50,4.09,"good kid, m.A.A.d city",Kendrick Lamar,West Coast Hip Hop,Conscious Hip Hop,,16298
51,4.03,Led Zeppelin,Led Zeppelin,Hard Rock,Blues Rock,,19280
52,4.11,Endtroducing.....,DJ Shadow,Instrumental Hip Hop,Experimental Hip Hop,Plunderphonics,15372
53,4.2,Blood on the Tracks,Bob Dylan,Singer/Songwriter,Folk Rock,,13031
54,4.14,Master of Reality,Black Sabbath,Heavy Metal,Hard Rock,,14781
55,4.1,Rubber Soul,The Beatles,Pop Rock,,,21043
56,4.05,Ride the Lightning,Metallica,Thrash Metal,,,17309
57,4.23,In a Silent Way,Miles Davis,Jazz Fusion,,,9306
58,4.18,Songs of Leonard Cohen,Leonard Cohen,Contemporary Folk,Singer/Songwriter,,11026
59,4.11,Dummy,Portishead,Trip Hop,,,17399
60,4.1,Black Sabbath,Black Sabbath,Heavy Metal,Hard Rock,,15552
61,4.01,Led Zeppelin II,Led Zeppelin,Hard Rock,Blues Rock,,18622
62,4.15,After the Gold Rush,Neil Young,Folk Rock,Singer/Songwriter,Country Rock,12836
63,4.15,Bitches Brew,Miles Davis,Jazz Fusion,Avant-Garde Jazz,,11194
64,4.17,Electric Ladyland,The Jimi Hendrix Experience,Psychedelic Rock,Blues Rock,Acid Rock,12499
65,4.11,Tago Mago,Can,Krautrock,Psychedelic Rock,Experimental Rock,14053
66,4.13,Rain Dogs,Tom Waits,Singer/Songwriter,Experimental Rock,,13150
67,4.18,Bringing It All Back Home,Bob Dylan,Folk Rock,Singer/Songwriter,Contemporary Folk,11638
68,4.12,Close to the Edge,Yes,Symphonic Prog,Progressive Rock,,12564
69,4.07,Souvlaki,Slowdive,Dream Pop,Shoegaze,,13906
70,4.09,The Low End Theory,A Tribe Called Quest,Jazz Rap,East Coast Hip Hop,Conscious Hip Hop,12357
71,4.02,Illinois,Sufjan Stevens,Chamber Pop,Singer/Songwriter,Indie Pop,16137
72,4.1,Hunky Dory,David Bowie,Glam Rock,Pop Rock,Art Rock,17159
73,4.06,White Light / White Heat,The Velvet Underground,Experimental Rock,Noise Rock,Proto-Punk,15388
74,4.14,Fun House,The Stooges,Proto-Punk,Garage Rock,,11528
75,4.09,Forever Changes,Love,Psychedelic Pop,Psychedelic Rock,Psychedelic Folk,12664
76,3.98,Meddle,Pink Floyd,Progressive Rock,,,17106
77,4.02,Homogenic,Björk,Art Pop,Electronic,,15034
78,4.08,Hot Rats,Frank Zappa,Jazz-Rock,Jazz Fusion,,11542
79,4.09,Sticky Fingers,The Rolling Stones,Blues Rock,Rock,,11331
80,4.04,Who's Next,The Who,Hard Rock,Rock,,13626
81,3.84,Amnesiac,Radiohead,Experimental Rock,Art Rock,Electronic,23697
82,3.92,In utero,Nirvana,Grunge,Alternative Rock,,19583
83,3.94,The Piper at the Gates of Dawn,Pink Floyd,Psychedelic Rock,Psychedelic Pop,,18385
84,4.12,Odessey and Oracle,The Zombies,Psychedelic Pop,Baroque Pop,,10232
85,4.12,The Velvet Underground,The Velvet Underground,Pop Rock,,,13949
86,4.08,Station to Station,David Bowie,Art Rock,,,11696
87,4.12,Liquid Swords,Genius/GZA,East Coast Hip Hop,Hardcore Hip Hop,Boom Bap,10042
88,4.07,Spirit of Eden,Talk Talk,Post-Rock,,,10335
89,4.09,Laughing Stock,Talk Talk,Post-Rock,,,9846
90,4.12,Future Days,Can,Krautrock,,,9654
91,4.08,Magical Mystery Tour,The Beatles,Psychedelic Pop,Pop Rock,,17143
92,4.08,What's Going On,Marvin Gaye,Soul,,,10620
93,3.99,Surfer Rosa,Pixies,Indie Rock,Alternative Rock,,15516
94,4.08,Five Leaves Left,Nick Drake,Singer/Songwriter,Chamber Folk,Contemporary Folk,11255
95,3.99,Selected Ambient Works 85-92,Aphex Twin,Ambient Techno,IDM,,13406
96,4.1,Hounds of Love,Kate Bush,Art Pop,Progressive Pop,,10372
97,4.07,Either / Or,Elliott Smith,Singer/Songwriter,Indie Folk,,12221
98,4.14,On the Beach,Neil Young,Folk Rock,Singer/Songwriter,Country Rock,9043
99,4.06,Let It Bleed,The Rolling Stones,Blues Rock,Rock,,10925
100,4.04,Another Green World,Eno,Art Rock,,,10984
101,3.99,Reign in Blood,Slayer,Thrash Metal,,,12551
102,4.05,Harvest,Neil Young,Country Rock,Folk Rock,Singer/Songwriter,12083
103,3.96,Siamese Dream,Smashing Pumpkins,Alternative Rock,,,14629
104,4.11,Everybody Knows This Is Nowhere,Neil Young,Country Rock,Singer/Songwriter,,9161
105,4.06,Ege Bamyasi,Can,Krautrock,,,10411
106,3.8,The Wall,Pink Floyd,Rock Opera,Art Rock,Progressive Rock,23287
107,4.05,Astral Weeks,Van Morrison,Singer/Songwriter,Chamber Folk,,10010
108,4.04,Exile on Main St.,The Rolling Stones,Blues Rock,Rock,,10743
109,4.0,If You're Feeling Sinister,Belle and Sebastian,Chamber Pop,Twee Pop,Indie Pop,12340
110,4.03,Mezzanine,Massive Attack,Trip Hop,Downtempo,,14975
111,3.97,"""Heroes""",David Bowie,Art Rock,,,13403
112,3.97,Grace,Jeff Buckley,Singer/Songwriter,Alternative Rock,,14644
113,4.01,Rust in Peace,Megadeth,Thrash Metal,Speed Metal,,11534
114,3.97,★ [Blackstar],David Bowie,Art Rock,,,12277
115,3.99,Violator,Depeche Mode,Synthpop,,,11812
116,3.91,Led Zeppelin III,Led Zeppelin,Hard Rock,Folk Rock,,16482
117,4.13,Mingus Ah Um,Charles Mingus,Post-Bop,,,7459
118,4.11,Innervisions,Stevie Wonder,Soul,,,7460
119,3.94,Turn On the Bright Lights,Interpol,Post-Punk Revival,Indie Rock,Post-Punk,16478
120,3.93,Yankee Hotel Foxtrot,Wilco,Alternative Rock,,,13941
121,3.99,Physical Graffiti,Led Zeppelin,Hard Rock,,,13162
122,4.14,Hatful of Hollow,The Smiths,Jangle Pop,Indie Pop,,7304
123,3.93,Music Has the Right to Children,Boards of Canada,IDM,Ambient Techno,,12657
124,4.12,The Kinks Are the Village Green Preservation Society,The Kinks,Pop Rock,,,8721
125,3.96,Houses of the Holy,Led Zeppelin,Hard Rock,,,13801
126,4.0,"Crooked Rain, Crooked Rain",Pavement,Indie Rock,,,11773
127,4.03,Selling England by the Pound,Genesis,Progressive Rock,,,9548
128,4.06,Soundtracks for the Blind,Swans,Experimental Rock,Post-Rock,,7845
129,4.11,Giant Steps,John Coltrane,Hard Bop,,,7390
130,4.05,The Lonesome Crowded West,Modest Mouse,Indie Rock,,,10045
131,4.09,Midnight Marauders,A Tribe Called Quest,East Coast Hip Hop,Jazz Rap,Boom Bap,8199
132,4.02,The Freewheelin' Bob Dylan,Bob Dylan,Contemporary Folk,Singer/Songwriter,,11157
133,4.05,Raw Power,Iggy and The Stooges,Proto-Punk,Garage Rock,Hard Rock,10347
134,4.07,Songs of Love and Hate,Leonard Cohen,Singer/Songwriter,Contemporary Folk,,7919
135,4.12,My Favorite Things,John Coltrane,Modal Jazz,Post-Bop,,6486
136,4.11,Songs in the Key of Life,Stevie Wonder,Soul,,,6220
137,4.04,Symbolic,Death,Technical Death Metal,,,7825
138,3.93,Lateralus,Tool,Alternative Metal,Progressive Rock,,13546
139,4.06,Aquemini,OutKast,Southern Hip Hop,Conscious Hip Hop,,7497
140,3.99,Die Mensch-Maschine,Kraftwerk,Electronic,Synthpop,,9509
141,4.02,Fear of Music,Talking Heads,New Wave,Post-Punk,,10737
142,3.99,Powerslave,Iron Maiden,Heavy Metal,,,10382
143,4.08,Cosmo's Factory,Creedence Clearwater Revival,Swamp Rock,,,6952
144,3.95,The Downward Spiral,Nine Inch Nails,Industrial Rock,,,13211
145,3.99,Donuts,J Dilla,Instrumental Hip Hop,,,8744
146,4.02,Larks' Tongues in Aspic,King Crimson,Progressive Rock,Art Rock,,8949
147,3.97,The Moon & Antarctica,Modest Mouse,Indie Rock,,,11617
148,3.99,The Stone Roses,The Stone Roses,Baggy / Madchester,,,11414
149,3.92,( ),Sigur Rós,Post-Rock,,,12249
150,4.02,Blue,Joni Mitchell,Singer/Songwriter,Contemporary Folk,,8655
151,3.98,Carrie & Lowell,Sufjan Stevens,Indie Folk,Singer/Songwriter,,10382
152,4.03,Thick as a Brick,Jethro Tull,Progressive Rock,,,7796
153,3.98,Born to Run,Bruce Springsteen,Heartland Rock,,,9259
154,4.02,Axis: Bold as Love,The Jimi Hendrix Experience,Psychedelic Rock,Blues Rock,,10131
155,3.92,Ænima,Tool,Alternative Metal,,,12690
156,3.99,Trans Europa Express,Kraftwerk,Electronic,,,8659
157,4.11,Superfly,Curtis Mayfield,Film Soundtrack,Funk,Chicago Soul,5640
158,3.97,Strange Days,The Doors,Psychedelic Rock,,,10983
159,4.04,Swordfishtrombones,Tom Waits,Singer/Songwriter,Experimental Rock,,8663
160,4.06,Purple Rain,Prince and The Revolution,Pop Rock,Film Soundtrack,Synth Funk,9353
161,3.94,The Number of the Beast,Iron Maiden,NWOBHM,Heavy Metal,,11921
162,3.98,Pornography,The Cure,Gothic Rock,Post-Punk,,11135
163,3.94,Blackwater Park,Opeth,Progressive Metal,,,10654
164,3.97,Vespertine,Björk,Art Pop,Electronic,,10651
165,3.9,The Soft Bulletin,The Flaming Lips,Neo-Psychedelia,Psychedelic Pop,,12849
166,4.0,Sabbath Bloody Sabbath,Black Sabbath,Heavy Metal,Hard Rock,,10285
167,4.03,Beggars Banquet,The Rolling Stones,Rock,Roots Rock,,9441
168,3.89,Rage Against the Machine,Rage Against the Machine,Rap Metal,Alternative Metal,,13574
169,4.0,The Glow Pt. 2,The Microphones,Lo-Fi Indie,Indie Folk,Psychedelic Folk,10058
170,3.99,Machine Head,Deep Purple,Hard Rock,,,8785
171,3.98,Bryter Layter,Nick Drake,Singer/Songwriter,Chamber Folk,Contemporary Folk,9894
172,4.05,Blue Train,John Coltrane,Hard Bop,,,7179
173,3.96,Fragile,Yes,Progressive Rock,,,10114
174,4.07,Music for 18 Musicians,Steve Reich,Minimalism,,,5098
175,3.98,Pink Flag,Wire,Art Punk,Punk Rock,,9932
176,3.98,Rumours,Fleetwood Mac,Pop Rock,Soft Rock,,10820
177,3.88,The College Dropout,Kanye West,Hip Hop,,,13330
178,3.92,Ys,Joanna Newsom,Chamber Folk,Singer/Songwriter,Progressive Folk,9882
179,3.92,Since I Left You,The Avalanches,Plunderphonics,Dance,,10714
180,3.98,Entertainment!,Gang of Four,Post-Punk,,,9079
181,4.01,Perfect From Now On,Built to Spill,Indie Rock,,,7684
182,3.96,Atrocity Exhibition,Danny Brown,Experimental Hip Hop,Hardcore Hip Hop,,8784
183,4.09,Karma,Pharoah Sanders,Spiritual Jazz,Avant-Garde Jazz,,4590
184,3.98,Kyuss [Welcome to Sky Valley],Kyuss,Stoner Rock,Stoner Metal,,8788
185,3.98,Heaven or Las Vegas,Cocteau Twins,Dream Pop,,,8440
186,3.83,...And Justice for All,Metallica,Thrash Metal,,,15157
187,3.95,Murmur,R.E.M.,Jangle Pop,Alternative Rock,,9803
188,3.87,Mellon Collie and the Infinite Sadness,The Smashing Pumpkins,Alternative Rock,,,13221
189,4.05,The Infamous,Mobb Deep,East Coast Hip Hop,Gangsta Rap,Boom Bap,5888
190,4.03,Out to Lunch,Eric Dolphy,Avant-Garde Jazz,,,5718
191,3.92,Weezer [Blue Album],Weezer,Power Pop,Alternative Rock,,15752
192,4.0,Ready to Die,The Notorious B.I.G.,East Coast Hip Hop,Gangsta Rap,Boom Bap,7783
193,3.99,Fresh Fruit for Rotting Vegetables,Dead Kennedys,Hardcore Punk,Punk Rock,,9141
194,3.9,Songs for the Deaf,Queens of the Stone Age,Stoner Rock,Alternative Rock,,14147
195,3.91,Dirt,Alice in Chains,Grunge,Alternative Metal,,11655
196,3.97,Here Come the Warm Jets,Eno,Art Rock,Experimental Rock,,8165
197,3.9,Thriller,Michael Jackson,Pop,Contemporary R&B,,10528
198,4.1,Soundtrack From Twin Peaks,Angelo Badalamenti,Television Music,Dark Jazz,,5037
199,4.14,"Il buono, il brutto, il cattivo",Ennio Morricone,Film Score,Spaghetti Western,,3184
200,3.7,Hail to the Thief,Radiohead,Alternative Rock,Art Rock,,21928
201,3.82,Ten,Pearl Jam,Grunge,Alternative Rock,Hard Rock,14477
202,3.97,Seventh Son of a Seventh Son,Iron Maiden,Heavy Metal,,,8471
203,3.93,Paul's Boutique,Beastie Boys,East Coast Hip Hop,,,8960
204,3.95,It Takes a Nation of Millions to Hold Us Back,Public Enemy,Political Hip Hop,East Coast Hip Hop,Hardcore Hip Hop,8265
205,3.94,Aqualung,Jethro Tull,Progressive Rock,,,9053
206,3.97,Maggot Brain,Funkadelic,Funk Rock,Funk,,7847
207,3.86,Third,Portishead,Electronic,Experimental Rock,,10656
208,4.07,Curtis,Curtis Mayfield,Chicago Soul,,,4275
209,3.85,Is This It,The Strokes,Indie Rock,Garage Rock Revival,,17121
210,3.95,Sister,The Sonic Youth,Noise Rock,Alternative Rock,,9563
211,4.02,The Shape of Jazz to Come,Ornette Coleman,Avant-Garde Jazz,,,5401
212,4.21,9 Symphonien,Berliner Philharmoniker,Symphony,Classical Period,,887
213,4.01,Moondance,Van Morrison,Singer/Songwriter,Folk Rock,,6792
214,3.99,Painkiller,Judas Priest,Heavy Metal,,,6739
215,3.95,Vol 4,Black Sabbath,Heavy Metal,Hard Rock,,10029
216,3.96,Transformer,Lou Reed,Glam Rock,Pop Rock,,11607
217,3.99,First Utterance,Comus,Progressive Folk,Psychedelic Folk,Freak Folk,6043
218,3.9,Relationship of Command,At the Drive-In,Post-Hardcore,,,10478
219,4.02,ATLiens,OutKast,Southern Hip Hop,,,6025
220,3.91,Moving Pictures,Rush,Progressive Rock,Hard Rock,,9359
221,4.06,All Things Must Pass,George Harrison,Pop Rock,Singer/Songwriter,,7056
222,4.05,Long Season,Fishmans,Dream Pop,Progressive Pop,,4977
223,3.89,A Night at the Opera,Queen,Hard Rock,Art Rock,,10109
224,3.98,Foxtrot,Genesis,Progressive Rock,,,7144
225,3.96,Rock Bottom,Robert Wyatt,Canterbury Scene,Art Rock,,6480
226,3.91,Geogaddi,Boards of Canada,IDM,,,9264
227,3.96,Treasure,Cocteau Twins,Dream Pop,Ethereal Wave,,8821
228,4.05,Otis Blue: Otis Redding Sings Soul,Otis Redding,Deep Soul,Southern Soul,,4461
229,3.92,Filosofem,Burzum,Atmospheric Black Metal,,,8393
230,3.9,Slanted and Enchanted,Pavement,Lo-Fi Indie,Indie Rock,Noise Pop,11287
231,4.09,Blues & Roots,Charlie Mingus,Post-Bop,,,3811
232,3.93,Automatic for the People,R.E.M.,Alternative Rock,Pop Rock,,11778
233,3.96,Let It Be,The Replacements,Alternative Rock,,,7295
234,4.01,Tonight's the Night,Neil Young,Country Rock,Folk Rock,Singer/Songwriter,6409
235,3.88,To Be Kind,Swans,Experimental Rock,Post-Rock,,9202
236,3.82,A Moon Shaped Pool,Radiohead,Chamber Pop,Art Rock,Art Pop,13089
237,3.86,Post,Björk,Art Pop,Electronic,,12139
238,3.92,The Clash,The Clash,Punk Rock,,,9774
239,3.87,The Seer,Swans,Experimental Rock,Post-Rock,,9331
240,3.96,Deep Purple in Rock,Deep Purple,Hard Rock,,,7176
241,3.92,L.A. Woman,The Doors,Blues Rock,Psychedelic Rock,,10154
242,3.99,Chairs Missing,Wire,Post-Punk,Art Punk,,6559
243,3.95,Safe as Milk,Captain Beefheart and His Magic Band,Blues Rock,Psychedelic Rock,,8261
244,4.07,Clube da Esquina,Milton Nascimento,MPB,,,3270
245,3.94,Horses,Patti Smith,Proto-Punk,Singer/Songwriter,,8648
246,3.69,Merriweather Post Pavilion,Animal Collective,Psychedelic Pop,Neo-Psychedelia,,17208
247,4.01,Bone Machine,Tom Waits,Experimental Rock,Singer/Songwriter,,6383
248,3.82,Yoshimi Battles the Pink Robots,The Flaming Lips,Neo-Psychedelia,Psychedelic Pop,,13322
249,3.95,Still Life,Opeth,Progressive Metal,,,7368
250,3.85,Late Registration,Kanye West,Hip Hop,,,12037
251,3.82,The Money Store,Death Grips,Hardcore Hip Hop,Experimental Hip Hop,Industrial Hip Hop,13865
252,4.05,A Tribute to Jack Johnson,Miles Davis,Jazz Fusion,Jazz-Rock,Film Score,3972
253,4.06,Journey in Satchidananda,Alice Coltrane featuring Pharoah Sanders,Spiritual Jazz,Avant-Garde Jazz,,3579
254,3.96,Electric Warrior,T. Rex,Glam Rock,,,6740
255,3.9,You're Living All Over Me,Dinosaur,Noise Rock,Indie Rock,Alternative Rock,9347
256,3.86,The Smiths,The Smiths,Jangle Pop,Indie Pop,,11806
257,3.97,Let Love In,Nick Cave and The Bad Seeds,Post-Punk,Alternative Rock,,7112
258,3.88,Ramones,Ramones,Punk Rock,,,9327
259,4.03,Tabula rasa,Staatsorchester Stuttgart,Minimalism,Modern Classical,,3663
260,3.97,Time Out,The Dave Brubeck Quartet,Cool Jazz,,,5834
261,3.78,Kill 'Em All,Metallica,Thrash Metal,,,14585
262,3.93,Dopethrone,Electric Wizard,Stoner Metal,Doom Metal,,7816
263,4.04,Arthur or the Decline and Fall of the British Empire,The Kinks,Pop Rock,,,5146
264,3.97,The Lamb Lies Down on Broadway,Genesis,Progressive Rock,Rock Opera,,6271
265,3.93,I Can Hear the Heart Beating as One,Yo La Tengo,Indie Rock,Noise Pop,,8213
266,3.98,The Dreaming,Kate Bush,Art Pop,Progressive Pop,,5936
267,3.79,Discovery,Daft Punk,French House,,,12944
268,3.94,XO,Elliott Smith,Singer/Songwriter,Indie Pop,,7961
269,4.05,Art Blakey and The Jazz Messengers [Moanin'],Art Blakey and The Jazz Messengers,Hard Bop,,,3727
270,3.95,Human,Death,Technical Death Metal,Death Metal,,6445
271,4.02,Expensive Shit,Fela Kuti,Afrobeat,,,3797
272,3.89,Jane Doe,Converge,Mathcore,Metalcore,,7623
273,3.97,Rising,Rainbow,Hard Rock,Heavy Metal,,5174
274,3.96,Deceit,This Heat,Post-Punk,Experimental Rock,,5765
275,4.11,Symphony No. 9,Berliner Philharmoniker,Symphony,Romanticism,,524
276,3.88,Pinkerton,Weezer,Alternative Rock,Power Pop,,13052
277,3.95,Before and After Science,Brian Eno,Art Rock,,,6247
278,3.98,John Lennon / Plastic Ono Band,John Lennon,Singer/Songwriter,Pop Rock,,7602
279,3.94,Head Hunters,Herbie Hancock,Jazz Fusion,Jazz-Funk,,6613
280,3.8,De-Loused in the Comatorium,The Mars Volta,Progressive Rock,,,11210
281,3.89,Angel Dust,Faith No More,Alternative Metal,Alternative Rock,,8242
282,3.97,Déjà vu,"Crosby, Stills, Nash & Young",Folk Rock,,,5489
283,4.02,"Sign ""☮"" the Times",Prince,Pop Rock,Funk Rock,Contemporary R&B,5235
284,3.94,Different Class,Pulp,Britpop,,,7714
285,3.9,The Stooges,The Stooges,Garage Rock,Proto-Punk,,9027
286,3.97,Bridge Over Troubled Water,Simon and Garfunkel,Folk Pop,Singer/Songwriter,Pop Rock,7401
287,3.85,Superunknown,Soundgarden,Grunge,Alternative Rock,,9708
288,3.92,Zen Arcade,Hüsker Dü,Hardcore Punk,Post-Hardcore,,7622
289,3.94,Quadrophenia,The Who,Rock Opera,Hard Rock,,6734
290,3.85,Boxer,The National,Indie Rock,Post-Punk Revival,,9979
291,3.93,Double Nickels on the Dime,Minutemen,Post-Punk,Punk Rock,,7104
292,3.82,Psychocandy,The Jesus and Mary Chain,Noise Pop,Post-Punk,,10713
293,3.94,Third,Soft Machine,Canterbury Scene,Jazz-Rock,Jazz Fusion,5132
294,3.92,Down Colorful Hill,Red House Painters,Slowcore,,,6089
295,3.93,Histoire de Melody Nelson,Serge Gainsbourg,French Pop,Art Pop,,5716
296,3.92,Ashes Against the Grain,Agalloch,Folk Metal,,,6173
297,4.08,C'era una volta il West,Ennio Morricone,Film Score,Spaghetti Western,,1659
298,3.91,More Songs About Buildings and Food,Talking Heads,New Wave,Post-Punk,Art Punk,8468
299,3.91,Discipline,King Crimson,Progressive Rock,Art Rock,,7366
300,3.84,Sound of Silver,LCD Soundsystem,Dance-Punk,Indietronica,,10301
301,3.97,154,Wire,Post-Punk,Art Punk,,5344
302,3.86,The Mantle,Agalloch,Folk Metal,,,7499
303,3.9,Panopticon,Isis,Atmospheric Sludge Metal,,,6472
304,3.96,Mirage,Camel,Symphonic Prog,Progressive Rock,,5420
305,3.91,Seasons in the Abyss,Slayer,Thrash Metal,,,7027
306,3.94,Rocket to Russia,Ramones,Punk Rock,,,6148
307,4.04,Olé Coltrane,John Coltrane,Modal Jazz,,,2882
308,3.94,Leaves Turn Inside You,Unwound,Post-Hardcore,Indie Rock,,5230
309,4.05,Acabou chorare,Novos Baianos,MPB,Samba,,2117
310,3.95,There's a Riot Goin' On,Sly & The Family Stone,Funk,Soul,,4954
311,4.02,Zombie,Fela Kuti,Afrobeat,,,3016
312,4.0,Townes Van Zandt,Townes Van Zandt,Singer/Songwriter,Country,Contemporary Folk,3326
313,3.98,Something Else by The Kinks,The Kinks,Pop Rock,Baroque Pop,,5462
314,3.99,Ascension,John Coltrane,Free Jazz,Spiritual Jazz,,3938
315,3.88,Repeater,Fugazi,Post-Hardcore,,,7949
316,3.7,Neon Bible,Arcade Fire,Indie Rock,,,15621
317,3.93,The Modern Lovers,The Modern Lovers,Proto-Punk,,,5610
318,3.93,The Ape of Naples,Coil,Electronic,Post-Industrial,Experimental,5344
319,3.92,Faust IV,Faust,Krautrock,Experimental Rock,,6019
320,3.88,Hvis lyset tar oss,Burzum,Atmospheric Black Metal,Black Metal,,6613
321,3.83,Untrue,Burial,Future Garage,Dubstep,,10975
322,3.98,Somethin' Else,Cannonball Adderley,Hard Bop,,,3628
323,4.03,A Tábua de Esmeralda,Jorge Ben,MPB,Samba-Rock,,2290
324,3.94,Pawn Hearts,Van der Graaf Generator,Progressive Rock,,,4320
325,3.88,69 Love Songs,The Magnetic Fields,Indie Pop,,,6511
326,3.98,Stand!,Sly and The Family Stone,Funk,Psychedelic Soul,,4097
327,4.01,A Charlie Brown Christmas,Vince Guaraldi,Christmas Music,Cool Jazz,Television Music,2933
328,3.84,Crack the Skye,Mastodon,Progressive Metal,,,7769
329,3.87,Iron Maiden,Iron Maiden,NWOBHM,Heavy Metal,,8654
330,3.83,Ladies and Gentlemen We Are Floating in Space,Spiritualized®,Neo-Psychedelia,Space Rock,Art Rock,9179
331,3.88,Heaven and Hell,Black Sabbath,Heavy Metal,,,7257
332,3.93,Black on Both Sides,Mos Def,East Coast Hip Hop,Conscious Hip Hop,,5417
333,3.91,Bergtatt: Et eeventyr i 5 capitler,Ulver,Atmospheric Black Metal,Pagan Black Metal,,6387
334,4.06,The Nocturnes,Artur Rubinstein,Romanticism,,,1124
335,3.98,Saxophone Colossus,Sonny Rollins,Hard Bop,,,3408
336,3.9,The Sound of Perseverance,Death,Technical Death Metal,Progressive Metal,,6192
337,3.74,Trout Mask Replica,Captain Beefheart & His Magic Band,Experimental Rock,,,10176
338,3.93,Only Built 4 Cuban Linx...,Chef Raekwon,East Coast Hip Hop,Gangsta Rap,Boom Bap,5202
339,3.94,Darkness on the Edge of Town,Bruce Springsteen,Heartland Rock,Singer/Songwriter,,5671
340,3.85,Deathconsciousness,Have a Nice Life,Shoegaze,Post-Punk,,8638
341,3.81,Person Pitch,Panda Bear,Psychedelic Pop,Neo-Psychedelia,,9301
342,3.91,The Yes Album,Yes,Progressive Rock,,,6698
343,3.87,Violent Femmes,Violent Femmes,Acoustic Rock,Alternative Rock,Folk Punk,8624
344,3.91,Computerwelt,Kraftwerk,Synthpop,Electronic,,5892
345,3.93,This Year's Model,Elvis Costello,New Wave,Pop Rock,,6772
346,4.09,Symphonie Nr.5,Wiener Philharmoniker,Symphony,Romanticism,,460
347,3.87,EVOL,Sonic Youth,Noise Rock,Experimental Rock,,8159
348,3.92,For Your Pleasure,Roxy Music,Glam Rock,Art Rock,,5620
349,3.85,NEU!,NEU!,Krautrock,,,7576
350,3.88,Bee Thousand,Guided by Voices,Lo-Fi Indie,Indie Rock,,6418
351,3.97,Youth of America,Wipers,Post-Punk,Punk Rock,,4235
352,3.95,The Band,The Band,Folk Rock,Country Rock,Roots Rock,5381
353,3.86,Aladdin Sane,David Bowie,Glam Rock,Art Rock,Pop Rock,11021
354,3.75,Strawberry Jam,Animal Collective,Neo-Psychedelia,,,11953
355,3.96,Exodus,Bob Marley,Roots Reggae,Reggae,,4585
356,4.02,Le Sacre du printemps,New York Philharmonic,Modern Classical,,,1162
357,3.96,Getz / Gilberto,Stan Getz & João Gilberto featuring Antônio Carlos Jobim,Bossa nova,Jazz,,4426
358,3.88,The Modern Dance,Pere Ubu,Post-Punk,Art Punk,,6151
359,3.83,Talking Heads: 77,Talking Heads,New Wave,Art Punk,,9721
360,3.94,NEU! '75,NEU!,Krautrock,Experimental Rock,,4854
361,3.93,Scott 4,Scott Engel,Baroque Pop,Singer/Songwriter,,4632
362,4.02,Africa / Brass,The John Coltrane Quartet,Modal Jazz,Post-Bop,,2446
363,3.99,Construção,Chico Buarque,MPB,Singer/Songwriter,,2583
364,3.99,Moment of Truth,Gang Starr,East Coast Hip Hop,Boom Bap,,3070
365,3.94,Abraxas,Santana,Latin Rock,,,4745
366,3.9,I Could Live in Hope,Low,Slowcore,,,5520
367,3.92,Individual Thought Patterns,Death,Technical Death Metal,Death Metal,,5297
368,3.9,Desertshore,Nico,Avant-Folk,Chamber Folk,,4892
369,4.01,Mingus Mingus Mingus Mingus Mingus,Charles Mingus,Post-Bop,,,2960
370,3.91,Altars of Madness,Morbid Angel,Death Metal,,,4994
371,3.9,Within the Realm of a Dying Sun,Dead Can Dance,Neoclassical Darkwave,,,5121
372,3.9,In the Nightside Eclipse,Emperor,Symphonic Black Metal,Black Metal,,5482
373,3.92,Taking Tiger Mountain (By Strategy),Eno,Art Rock,Art Pop,,5713
374,3.99,Stress: The Extinction Agenda,Organized Konfusion,East Coast Hip Hop,Boom Bap,Conscious Hip Hop,2535
375,3.93,Red House Painters [Rollercoaster],Red House Painters,Slowcore,,,4514
376,3.91,Sad Wings of Destiny,Judas Priest,Heavy Metal,,,5055
377,3.88,Nebraska,Bruce Springsteen,Singer/Songwriter,Contemporary Folk,Americana,6640
378,4.02,Song for My Father,The Horace Silver Quintet,Hard Bop,,,2074
379,3.92,Script of the Bridge,The Chameleons,Post-Punk,,,4535
380,3.89,To Bring You My Love,PJ Harvey,Alternative Rock,Singer/Songwriter,,6508
381,3.87,Ghost Reveries,Opeth,Progressive Metal,,,7033
382,3.93,Zuma,Neil Young,Folk Rock,Singer/Songwriter,,5405
383,3.95,Willy and the Poor Boys,Creedence Clearwater Revival,Swamp Rock,,,4410
384,3.92,Through Silver in Blood,Neurosis,Atmospheric Sludge Metal,Sludge Metal,,4584
385,3.91,Desire,Bob Dylan,Folk Rock,Singer/Songwriter,,6794
386,3.93,Storm of the Light's Bane,Dissection,Melodic Black Metal,,,4476
387,3.9,Ace of Spades,Motörhead,Heavy Metal,Hard Rock,,6040
388,3.91,Keep It Like a Secret,Built to Spill,Indie Rock,,,5840
389,3.91,Holy Diver,Dio,Heavy Metal,,,5483
390,3.85,You Forgot It in People,Broken Social Scene,Indie Rock,,,7658
391,3.76,Odelay,Beck!,Alternative Rock,,,11409
392,3.93,The Inner Mounting Flame,Mahavishnu Orchestra,Jazz Fusion,Jazz-Rock,,4152
393,3.85,Freak Out!,The Mothers of Invention,Experimental Rock,Satire,,7762
394,3.93,In the Land of Grey and Pink,Caravan,Canterbury Scene,Progressive Rock,,4256
395,3.8,Goo,Sonic Youth,Alternative Rock,Noise Rock,,10244
396,3.93,Don't Break the Oath,Mercyful Fate,Heavy Metal,,,3699
397,3.78,Meat Is Murder,The Smiths,Jangle Pop,Indie Pop,,11191
398,3.82,In Absentia,Porcupine Tree,Progressive Rock,,,8103
399,3.98,Lanquidity,Sun Ra,Jazz Fusion,,,2649
400,3.77,Takk...,Sigur Rós,Post-Rock,,,10396
401,3.84,Piece of Mind,Iron Maiden,Heavy Metal,NWOBHM,,8255
402,3.85,Leviathan,Mastodon,Sludge Metal,Progressive Metal,,8072
403,3.96,Hot Buttered Soul,Isaac Hayes,Soul,,,3291
404,3.91,Mount Eerie,The Microphones,Avant-Folk,Psychedelic Folk,,4499
405,3.88,South of Heaven,Slayer,Thrash Metal,,,6651
406,3.85,Suicide,Suicide,Synth Punk,Minimal Synth,,7780
407,3.94,Mothership Connection,Parliament,P-Funk,,,3701
408,3.85,Peace Sells... But Who's Buying?,Megadeth,Thrash Metal,Speed Metal,,7922
409,3.94,On the Corner,Miles Davis,Jazz Fusion,Jazz-Funk,,4134
410,3.97,Astigmatic,Komeda Quintet,Avant-Garde Jazz,Post-Bop,,2244
411,3.92,Sketches of Spain,Miles Davis,Modal Jazz,Third Stream,,5986
412,3.88,Unquestionable Presence,Atheist,Technical Death Metal,Progressive Metal,,4883
413,3.86,The Shape of Punk to Come,Refused,Post-Hardcore,Hardcore Punk,,6543
414,3.78,Richard D. James Album,Aphex Twin,IDM,,,9366
415,3.85,Surrealistic Pillow,Jefferson Airplane,Psychedelic Rock,,,7237
416,4.0,The Goldberg Variations,Glenn Gould,Baroque Music,,,1463
417,3.86,California,Mr. Bungle,Experimental Rock,Art Rock,,5667
418,3.86,Somewhere in Time,Iron Maiden,Heavy Metal,,,7021
419,3.97,"Orphans: Brawlers, Bawlers & Bastards",Tom Waits,Singer/Songwriter,Blues Rock,Folk Rock,3341
420,3.9,Anthems to the Welkin at Dusk,Emperor,Symphonic Black Metal,Black Metal,,4383
421,3.87,Deltron 3030,Deltron 3030,Experimental Hip Hop,West Coast Hip Hop,,5872
422,3.81,Tommy,The Who,Rock Opera,,,8545
423,3.93,Talking Book,Stevie Wonder,Soul,,,4356
424,3.92,Peter Gabriel,Peter Gabriel,Art Rock,,,4394
425,4.0,Star Wars: The Empire Strikes Back,John Williams,Film Score,Orchestral,,1157
426,3.93,Overkill,Motörhead,Heavy Metal,Hard Rock,,4190
427,3.98,Silent Hill 2,Akira Yamaoka,Video Game Music,Ambient,,2163
428,3.76,Isn't Anything,My Bloody Valentine,Noise Pop,Shoegaze,Dream Pop,11047
429,3.86,Berlin,Lou Reed,Art Rock,,,6135
430,3.97,No Other,Gene Clark,Country Rock,Singer/Songwriter,,2124
431,3.87,Boris at Last -Feedbacker-,Boris,Drone Metal,Drone,Noise Rock,5289
432,3.72,Fleet Foxes,Fleet Foxes,Chamber Folk,Indie Folk,,11206
433,3.93,Green River,Creedence Clearwater Revival,Swamp Rock,,,4611
434,3.89,Hemispheres,Rush,Progressive Rock,Hard Rock,,5249
435,3.85,Lust for Life,Iggy Pop,Rock,Art Rock,,6726
436,3.95,Godbluff,Van der Graaf Generator,Progressive Rock,,,2767
437,3.83,Selected Ambient Works Volume II,Aphex Twin,Ambient,Electronic,,7005
438,3.9,Screaming for Vengeance,Judas Priest,Heavy Metal,,,5381
439,3.85,Vision Creation Newsun,Boredoms,Experimental Rock,Psychedelic Rock,Neo-Psychedelia,5982
440,3.86,White Light From the Mouth of Infinity,Swans,Post-Punk,Gothic Rock,,6099
441,3.89,Nursery Cryme,Genesis,Progressive Rock,Symphonic Prog,,5777
442,3.88,Blues for the Red Sun,Kyuss,Stoner Rock,Stoner Metal,,6175
443,3.84,Have One on Me,Joanna Newsom,Chamber Folk,Singer/Songwriter,Progressive Folk,5987
444,3.92,Melissa,Mercyful Fate,Heavy Metal,,,3528
445,3.89,The Argument,Fugazi,Post-Hardcore,Indie Rock,,5402
446,3.89,Yeti,Amon Düül II,Krautrock,Psychedelic Rock,,5177
447,3.9,This Nation's Saving Grace,The Fall,Post-Punk,,,4876
448,4.03,Stravinsky Conducts Le Sacre du printemps,Columbia Symphony Orchestra,Modern Classical,,,423
449,3.97,The Goldberg Variations,Glenn Gould,Baroque Music,,,1565
450,3.9,Tender Prey,Nick Cave and The Bad Seeds,Post-Punk,Gothic Rock,,5299
451,3.97,Get Up With It,Miles Davis,Jazz Fusion,Jazz-Funk,,2202
452,3.73,Debut,Björk,Art Pop,,,11641
453,3.79,The Devil and God Are Raging Inside Me,Brand New,Emo,Indie Rock,,8196
454,3.76,Help!,The Beatles,Pop Rock,,,13029
455,3.93,Brilliant Corners,Thelonious Monk,Hard Bop,,,3310
456,3.96,Transa,Caetano Veloso,MPB,Singer/Songwriter,,2500
457,3.85,Portishead,Portishead,Trip Hop,,,8647
458,3.83,Damnation,Opeth,Progressive Rock,,,7546
459,3.96,Fare Forward Voyagers (Soldier's Choice),John Fahey,American Primitivism,,,2258
460,3.99,Duke Ellington's Far East Suite,Duke Ellington,Big Band,,,1798
461,3.95,H to He Who Am the Only One,Van der Graaf Generator,Progressive Rock,,,3049
462,3.81,"Strangeways, Here We Come",The Smiths,Jangle Pop,Indie Pop,,9041
463,3.77,Run the Jewels 2,Run the Jewels,Hardcore Hip Hop,,,8428
464,3.87,Mm.. Food,MF DOOM,East Coast Hip Hop,Abstract Hip Hop,,6178
465,3.88,We got it from Here... Thank You 4 Your service,A Tribe Called Quest,Conscious Hip Hop,East Coast Hip Hop,Jazz Rap,5363
466,3.91,Voodoo,D'Angelo,Neo-Soul,,,3845
467,3.88,The Ascension,Glenn Branca,No Wave,Noise Rock,Experimental Rock,4927
468,3.92,Jailbreak,Thin Lizzy,Hard Rock,,,3877
469,3.86,Flood,Boris,Drone,Post-Rock,,5116
470,3.85,My Aim Is True,Elvis Costello,New Wave,Pub Rock,,6030
471,3.99,Star Wars,John Williams,Film Score,Orchestral,,1378
472,3.96,Lady Soul,Aretha Franklin,Southern Soul,Soul,,2287
473,3.8,Blonde,Frank Ocean,Alternative R&B,Neo-Soul,Art Pop,8315
474,3.8,Let England Shake,PJ Harvey,Singer/Songwriter,Art Rock,,7508
475,3.75,Feels,Animal Collective,Neo-Psychedelia,,,10573
476,3.96,Our Mother the Mountain,Townes Van Zandt,Singer/Songwriter,Country,Contemporary Folk,2463
477,3.76,American Football,American Football,Midwest Emo,,,8793
478,3.85,Closing Time,Tom Waits,Singer/Songwriter,Piano Blues,,6185
479,3.66,The Suburbs,Arcade Fire,Indie Rock,,,13371
480,3.83,"Power, Corruption & Lies",New Order,Synthpop,Post-Punk,New Wave,8188
481,3.94,I Never Loved a Man the Way I Love You,Aretha Franklin,Deep Soul,Southern Soul,,2918
482,3.94,Jackson C. Frank,Jackson C. Frank,Contemporary Folk,Singer/Songwriter,,2858
483,3.86,Metal Box,PiL,Post-Punk,Experimental Rock,,5519
484,3.89,Beneath the Remains,Sepultura,Thrash Metal,,,4385
485,3.76,High Violet,The National,Indie Rock,,,8781
486,3.76,A Hard Day's Night,The Beatles,Merseybeat,Pop Rock,,12986
487,3.88,A Blaze in the Northern Sky,Darkthrone,Black Metal,,,4765
488,3.93,Tim,The Replacements,Alternative Rock,Power Pop,,4764
489,3.79,White Pony,Deftones,Alternative Metal,,,7710
490,3.87,Reasonable Doubt,Jaÿ-Z,East Coast Hip Hop,Boom Bap,,5173
491,3.76,Ambient 1: Music for Airports,Brian Eno,Ambient,,,8023
492,4.01,Unearthed,Johnny Cash,Americana,Country,,718
493,3.86,The Tired Sounds Of,Stars of the Lid,Ambient,Drone,,4529
494,3.93,Catch a Fire,Bob Marley,Roots Reggae,Reggae,,3607
495,4.03,C'era una volta in America,Ennio Morricone,Film Score,Modern Classical,,892
496,3.91,Ghosts of the Great Highway,Sun Kil Moon,Folk Rock,Singer/Songwriter,,4034
497,3.84,Operation: Mindcrime,Queensrÿche,Heavy Metal,Progressive Metal,,4836
498,3.89,Aja,Steely Dan,Pop Rock,Jazz-Rock,,5345
499,3.87,Fear of a Black Planet,Public Enemy,Political Hip Hop,East Coast Hip Hop,Conscious Hip Hop,4883
500,3.85,We're Only in It for the Money,The Mothers of Invention,Experimental Rock,Satire,,6144
501,3.87,Epicus Doomicus Metallicus,Candlemass,Traditional Doom Metal,Doom Metal,,4084
502,3.89,Things Fall Apart,The Roots,East Coast Hip Hop,Conscious Hip Hop,,4672
503,3.87,Hosianna Mantra,Popol Vuh,Neoclassical New Age,,,4082
504,3.91,Lifestylez ov da Poor & Dangerous,Big L,East Coast Hip Hop,Boom Bap,Hardcore Hip Hop,3854
505,3.83,Alligator,The National,Indie Rock,Post-Punk Revival,,7150
506,3.77,Yanqui U.X.O.,Godspeed You! Black Emperor,Post-Rock,,,8706
507,3.86,The Idiot,Iggy Pop,Art Rock,Post-Punk,,6462
508,3.92,One Size Fits All,Frank Zappa,Jazz-Rock,Progressive Rock,,3454
509,3.88,Paris 1919,John Cale,Baroque Pop,,,4383
510,3.88,The Good Son,Nick Cave & The Bad Seeds,Singer/Songwriter,Gothic Rock,,4729
511,3.93,Ram,Paul McCartney,Pop Rock,,,4343
512,3.73,"For Emma, Forever Ago",Bon Iver,Indie Folk,Singer/Songwriter,Contemporary Folk,10342
513,4.01,ファイナルファンタジーVI (Final Fantasy VI),植松伸夫 [Nobuo Uematsu],Video Game Music,16-bit,,746
514,3.92,The Magnolia Electric Co.,Magnolia Electric Co.,Alt-Country,,,2840
515,3.86,Oceanic,Isis,Atmospheric Sludge Metal,,,5203
516,3.74,Moon Safari,AIR,Downtempo,Ambient Pop,,10485
517,3.97,Monk's Music,Thelonious Monk Septet,Hard Bop,,,1769
518,3.83,Emergency & I,The Dismemberment Plan,Indie Rock,,,5780
519,3.83,De mysteriis dom Sathanas,Mayhem,Black Metal,,,5503
520,3.92,Symphony No. 3,London Sinfonietta,Symphony,Modern Classical,,1759
521,3.85,I See a Darkness,Bonnie 'Prince' Billy,Singer/Songwriter,Americana,Alt-Country,5575
522,3.9,Bizarre Ride II the Pharcyde,The Pharcyde,West Coast Hip Hop,Boom Bap,Jazz Rap,3659
523,3.81,The Chronic,Dr. Dre,G-Funk,West Coast Hip Hop,Gangsta Rap,6835
524,3.97,Let My Children Hear Music,Charles Mingus,Third Stream,Avant-Garde Jazz,Experimental Big Band,2147
525,3.83,Doggystyle,Snoop Doggy Dogg,G-Funk,West Coast Hip Hop,Gangsta Rap,5559
526,3.85,Wowee Zowee,Pavement,Indie Rock,,,6218
527,3.92,Liege & Lief,Fairport Convention,British Folk Rock,Folk Rock,,3145
528,3.66,Back in Black,AC/DC,Hard Rock,,,11760
529,3.88,Elliott Smith,Elliott Smith,Singer/Songwriter,Lo-Fi Indie,Indie Folk,6418
530,3.88,Mos Def & Talib Kweli Are Black Star,Black Star,East Coast Hip Hop,Conscious Hip Hop,Boom Bap,4280
531,3.84,The Colour of Spring,Talk Talk,Art Pop,Baroque Pop,,5563
532,3.95,Pastel Blues,Nina Simone,Vocal Jazz,Soul,Rhythm & Blues,2266
533,3.85,"Stories From the City, Stories From the Sea",PJ Harvey,Alternative Rock,Singer/Songwriter,,6692
534,3.87,Skylarking,XTC,Psychedelic Pop,Pop Rock,,5546
535,3.73,Cosmogramma,Flying Lotus,IDM,Glitch Hop,,8851
536,3.8,Loaded,The Velvet Underground,Pop Rock,,,10639
537,3.93,Money Jungle,Duke Ellington,Jazz,Hard Bop,,2535
538,3.84,The Fragile,Nine Inch Nails,Industrial Rock,Alternative Rock,Art Rock,7311
539,3.75,Elephant,The White Stripes,Garage Rock Revival,Alternative Rock,Blues Rock,12601
540,3.8,Disraeli Gears,Cream,Blues Rock,Psychedelic Rock,,7710
541,3.91,The Slider,T. Rex,Glam Rock,,,3442
542,3.85,The Cold Vein,Cannibal Ox,Abstract Hip Hop,East Coast Hip Hop,Experimental Hip Hop,4585
543,3.77,The Joshua Tree,U2,Pop Rock,Alternative Rock,,10865
544,3.96,Music for 18 Musicians,Steve Reich and Musicians,Minimalism,,,1304
545,3.85,Crazy Rhythms,The Feelies,Post-Punk,,,5048
546,3.88,Crimson,Edge of Sanity,Melodic Death Metal,Progressive Metal,,3399
547,3.92,I Want to See the Bright Lights Tonight,Richard & Linda Thompson,British Folk Rock,Contemporary Folk,,2454
548,3.86,Harmony in Ultraviolet,Tim Hecker,Ambient,,,4452
549,4.03,"Symphony No. 9 ""Choral""",Berliner Philharmoniker,Symphony,Romanticism,,249
550,3.84,Black Messiah,D'Angelo and The Vanguard,Neo-Soul,,,5028
551,3.91,Let's Get It On,Marvin Gaye,Smooth Soul,Soul,,3715
552,3.81,Rated R,Queens of the Stone Age,Stoner Rock,Alternative Rock,,8809
553,3.92,Ridin' Dirty,UGK,Gangsta Rap,Dirty South,Southern Hip Hop,2338
554,3.97,The Lord of the Rings: The Fellowship of the Ring,Howard Shore,Film Score,Orchestral,,1574
555,3.88,At the Heart of Winter,Immortal,Black Metal,,,3487
556,3.86,Os Mutantes,Os Mutantes,Tropicália,Psychedelic Rock,,4573
557,3.88,(pronounced 'lĕh-'nérd 'skin-'nérd),Lynyrd Skynyrd,Southern Rock,,,4075
558,3.89,3rd,Big Star,Power Pop,Pop Rock,,4179
559,3.78,2112,Rush,Progressive Rock,Hard Rock,,7630
560,3.94,Empyrean Isles,Herbie Hancock,Hard Bop,Post-Bop,,2376
561,4.0,Chrono Trigger: Original Sound Version,光田康典 [Yasunori Mitsuda],Video Game Music,16-bit,,852
562,3.88,Hex Enduction Hour,The Fall,Post-Punk,Art Punk,,4213
563,3.91,'Round About Midnight,Miles Davis,Hard Bop,,,3679
564,3.82,Sabotage,Black Sabbath,Heavy Metal,Hard Rock,,7059
565,3.76,Nowhere,Ride,Shoegaze,,,7735
566,3.85,The Mollusk,Ween,Art Rock,Neo-Psychedelia,,5439
567,3.89,Mule Variations,Tom Waits,Singer/Songwriter,Blues Rock,,4769
568,3.97,Final Fantasy VII Original Sound Track,植松伸夫 [Nobuo Uematsu],Video Game Music,Sequencer & MIDI,,1166
569,3.63,Appetite for Destruction,Guns n' Roses,Hard Rock,,,12202
570,3.94,Heart of the Congos,The Congos,Roots Reggae,,,2430
571,3.89,Stained Class,Judas Priest,Heavy Metal,,,3956
572,3.89,Argus,Wishbone Ash,Hard Rock,Progressive Rock,,3221
573,3.92,Maiden Voyage,Herbie Hancock,Modal Jazz,,,2858
574,3.85,Permanent Waves,Rush,Progressive Rock,Hard Rock,,5196
575,3.88,1999,Prince,Synth Funk,Pop,,4445
576,3.81,Q: Are We Not Men? A: We Are Devo!,Devo,New Wave,Post-Punk,Art Punk,6663
577,3.94,Monk's Dream,The Thelonious Monk Quartet,Hard Bop,,,2324
578,3.82,Tigermilk,Belle and Sebastian,Twee Pop,Indie Pop,Chamber Pop,6584
579,3.96,Roforofo Fight,Fela Kuti,Afrobeat,,,1634
580,3.82,Seventeen Seconds,The Cure,Post-Punk,Gothic Rock,,7439
581,3.9,Close to a World Below,Immolation,Death Metal,,,2393
582,3.91,Speak No Evil,Wayne Shorter,Post-Bop,,,2609
583,3.91,Free Jazz,The Ornette Coleman Double Quartet,Free Jazz,,,2791
584,3.88,Obscura,Gorguts,Technical Death Metal,Avant-Garde Metal,,3675
585,3.66,Never Mind the Bollocks Here's the Sex Pistols,Sex Pistols,Punk Rock,,,11411
586,3.85,And Then Nothing Turned Itself Inside-Out,Yo La Tengo,Dream Pop,Indie Rock,,5491
587,3.87,Exuma,Exuma,Caribbean Folk Music,Freak Folk,,3809
588,4.01,The 6 String Quartets,Takács Quartet,Modern Classical,Chamber Music,,496
589,3.85,"My Arms, Your Hearse",Opeth,Progressive Metal,,,5109
590,4.02,Sechs Suiten für Violoncello Solo BWV 1007-1012,Pierre Fournier,Baroque Music,,,476
591,3.95,The Sidewinder,Lee Morgan,Hard Bop,,,2002
592,3.84,Music for the Masses,Depeche Mode,Synthpop,,,5749
593,3.84,Black Celebration,Depeche Mode,Synthpop,,,5313
594,3.92,Stormcock,Roy Harper,Progressive Folk,Singer/Songwriter,,2171
595,3.89,Musick to Play in the Dark,Coil,Electronic,Experimental,Post-Industrial,3033
596,3.89,American IV: The Man Comes Around,Johnny Cash,Americana,Country,,4392
597,3.83,Transilvanian Hunger,Darkthrone,Black Metal,,,4879
598,3.94,Visions of the Country,Robbie Basho,American Primitivism,,,1268
599,3.87,Arise,Sepultura,Thrash Metal,,,4249
600,3.85,Starsailor,Tim Buckley,Avant-Folk,Experimental Rock,Singer/Songwriter,4185
601,3.9,Like an Ever Flowing Stream,Dismember,Death Metal,,,2548
602,3.89,Wrong,NoMeansNo,Post-Hardcore,Hardcore Punk,,3501
603,3.88,Music From Big Pink,The Band,Folk Rock,Roots Rock,,5293
604,3.88,Defenders of the Faith,Judas Priest,Heavy Metal,,,3796
605,3.85,Blood Fire Death,Bathory,Black Metal,Thrash Metal,,4275
606,3.93,Veedon Fleece,Van Morrison,Singer/Songwriter,Contemporary Folk,Folk Rock,2214
607,3.87,Bookends,Simon & Garfunkel,Folk Pop,Folk Rock,,4564
608,3.97,Mass in B minor,English Baroque Soloists,Baroque Music,Choral,Christian Liturgical Music,521
609,3.66,Toxicity,System of a Down,Alternative Metal,,,11583
610,3.83,The Kick Inside,Kate Bush,Art Pop,Singer/Songwriter,,5689
611,3.69,Teen Dream,Beach House,Dream Pop,Indie Pop,,9938
612,3.88,None So Vile,Cryptopsy,Brutal Death Metal,Technical Death Metal,,3713
613,3.84,Parallel Lines,Blondie,New Wave,Pop Rock,,6238
614,3.82,Scary Monsters (And Super Creeps),David Bowie,Art Rock,Pop Rock,,8135
615,3.93,Meditations,John Coltrane,Free Jazz,Spiritual Jazz,,2265
616,3.77,Spirit They're Gone Spirit They've Vanished,Avey Tare,Neo-Psychedelia,Noise Pop,Experimental,6442
617,3.85,Apostrophe ('),Frank Zappa,Jazz-Rock,Art Rock,Experimental Rock,4890
618,3.9,Mecca and the Soul Brother,Pete Rock & C.L. Smooth,East Coast Hip Hop,Conscious Hip Hop,Boom Bap,2535
619,3.84,Atomizer,Big Black,Noise Rock,Post-Hardcore,,5092
620,3.78,On Fire,Galaxie 500,Slowcore,Dream Pop,,6107
621,3.9,Jeopardy,The Sound,Post-Punk,,,3046
622,3.88,Painful,Yo La Tengo,Indie Rock,Noise Pop,,4444
623,3.84,The Boatman's Call,Nick Cave & The Bad Seeds,Singer/Songwriter,,,5196
624,3.9,Mental Funeral,Autopsy,Death Metal,,,2545
625,3.78,Blue Lines,Massive Attack,Trip Hop,,,8587
626,3.8,Faust,Faust,Krautrock,Experimental Rock,,5148
627,3.95,Tango: Zero Hour / Nuevo Tango: Hora Zero,Astor Piazzolla and The New Tango Quintet,Tango Nuevo,,,1220
628,3.8,3 Feet High and Rising,De La Soul,East Coast Hip Hop,Conscious Hip Hop,,5638
629,3.82,Faith,The Cure,Post-Punk,Gothic Rock,,6594
630,3.84,Horse Rotorvator,Coil,Industrial,,,4011
631,3.85,A Farewell to Kings,Rush,Progressive Rock,Hard Rock,,5024
632,3.81,Hex,Bark Psychosis,Post-Rock,,,4801
633,3.93,The Blues and the Abstract Truth,Oliver Nelson,Hard Bop,,,1756
634,3.95,Chrono Cross: Original Soundtrack,光田康典 [Yasunori Mitsuda],Video Game Music,Sequencer & MIDI,,551
635,3.85,And Their Refinement of the Decline,Stars of the Lid,Ambient,Drone,,3641
636,3.9,S.F. Sorrow,The Pretty Things,Psychedelic Rock,Rock Opera,,2911
637,3.81,The Blueprint,Jay-Z,East Coast Hip Hop,,,5450
638,3.69,A Saucerful of Secrets,Pink Floyd,Psychedelic Rock,,,10904
639,3.81,Deadwing,Porcupine Tree,Progressive Rock,,,6306
640,3.88,Court and Spark,Joni Mitchell,Singer/Songwriter,Folk Pop,,3503
641,4.01,Requiem,Wiener Philharmoniker,Choral,Classical Period,Christian Liturgical Music,394
642,3.89,Sackcloth 'n' Ashes,Sixteen Horsepower,Gothic Country,Alt-Country,,2945
643,3.89,No More Shall We Part,Nick Cave and The Bad Seeds,Singer/Songwriter,Piano Rock,,4519
644,3.92,The Main Ingredient,Pete Rock & C.L. Smooth,East Coast Hip Hop,Boom Bap,Conscious Hip Hop,1588
645,3.9,Solid Air,John Martyn,Singer/Songwriter,British Folk Rock,,2512
646,3.88,Abigail,King Diamond,Heavy Metal,,,2898
647,3.83,The Head on the Door,The Cure,Post-Punk,Alternative Rock,,7018
648,3.82,The Holy Bible,Manic Street Preachers,Alternative Rock,Art Rock,,4745
649,3.86,#1 Record,Big Star,Power Pop,Pop Rock,,5030
650,3.83,Emperor Tomato Ketchup,Stereolab,Art Pop,Experimental Rock,,5269
651,3.89,Times of Grace,Neurosis,Atmospheric Sludge Metal,Sludge Metal,,3044
652,3.85,Keeper of the Seven Keys Part II,Helloween,Power Metal,,,3394
653,3.75,Mogwai Young Team,Mogwai,Post-Rock,,,7252
654,3.79,Stankonia,OutKast,Southern Hip Hop,,,6838
655,3.86,Happy Sad,Tim Buckley,Singer/Songwriter,Psychedelic Folk,,3871
656,3.9,The Fountain,Clint Mansell,Film Score,Modern Classical,,1952
657,3.77,Flower Boy,"Tyler, the Creator",West Coast Hip Hop,Neo-Soul,,7070
658,3.8,Children of God,Swans,Post-Punk,Experimental Rock,,5985
659,3.95,Symphonie No. 4,Wiener Philharmoniker,Romanticism,Symphony,,680
660,3.91,Sextant,Herbie Hancock,Jazz Fusion,Avant-Garde Jazz,,2302
661,3.8,Aftermath,The Rolling Stones,Blues Rock,Rock,,6341
662,3.82,John Wesley Harding,Bob Dylan,Folk Rock,Contemporary Folk,Singer/Songwriter,6210
663,3.85,Crime of the Century,Supertramp,Progressive Rock,Art Rock,,3750
664,3.85,Alien Lanes,Guided by Voices,Lo-Fi Indie,Indie Rock,,3966
665,3.83,The Great Annihilator,Swans,Post-Punk,Experimental Rock,,5389
666,3.83,Bad Brains,Bad Brains,Hardcore Punk,,,5068
667,3.87,"Crosby, Stills & Nash","Crosby, Stills & Nash",Folk Rock,,,3525
668,3.88,Band on the Run,Paul McCartney,Pop Rock,,,4506
669,3.9,Still Life,Van der Graaf Generator,Progressive Rock,,,2197
670,3.71,channel ORANGE,Frank Ocean,Alternative R&B,Contemporary R&B,,9904
671,3.88,The Grand Wazoo,The Mothers,Jazz-Rock,Jazz Fusion,,3450
672,3.85,People's Instinctive Travels and the Paths of Rhythm,A Tribe Called Quest,East Coast Hip Hop,Jazz Rap,,4699
673,3.87,Vaudeville Villain,Viktor Vaughn,Abstract Hip Hop,East Coast Hip Hop,,3582
674,3.95,Gnossiennes; Gymnopédies; Ogives; Trois sarabandes; Petite ouverture à danser,Reinbert de Leeuw,Impressionism,,,807
675,3.8,The Times They Are A-Changin',Bob Dylan,Contemporary Folk,Singer/Songwriter,,6989
676,3.83,Fire of Love,The Gun Club,Punk Blues,Psychobilly,,4203
677,3.83,Graceland,Paul Simon,Pop Rock,Singer/Songwriter,,5821
678,3.87,Rum Sodomy & the Lash,The Pogues,Celtic Rock,Folk Rock,,3349
679,3.88,Ommadawn,Mike Oldfield,Progressive Rock,New Age,,2842
680,3.79,Tri repetae,Autechre,IDM,,,5369
681,3.95,Symphonic Suite AKIRA,芸能山城組 [Geinoh Yamashirogumi],Film Score,,,1054
682,3.94,Donkey Kong Country 2: Diddy's Kong Quest,David Wise,Video Game Music,16-bit,,598
683,3.9,Pieces of a Man,Gil Scott-Heron,Soul,,,2519
684,3.86,Goodbye Yellow Brick Road,Elton John,Piano Rock,Pop Rock,,4547
685,3.86,A Sun That Never Sets,Neurosis,Atmospheric Sludge Metal,,,2897
686,3.9,Pithecanthropus Erectus,The Charlie Mingus Jazz Workshop,Post-Bop,,,2809
687,3.89,Mental Vortex,Coroner,Technical Thrash Metal,,,2327
688,3.94,3 Gymnopédies & Other Piano Works · und andere Klavierstücke,Pascal Rogé,Impressionism,,,1126
689,3.88,Plastic Surgery Disasters,Dead Kennedys,Hardcore Punk,Punk Rock,,3921
690,3.87,Glassworks,Philip Glass,Minimalism,,,2960
691,3.85,Imaginations From the Other Side,Blind Guardian,Power Metal,,,3034
692,3.96,Complete Works Opp 1-31,Pierre Boulez,Serialism,Modern Classical,,441
693,3.83,Leprosy,Death,Death Metal,,,4842
694,3.87,Tea for the Tillerman,Cat Stevens,Singer/Songwriter,Folk Rock,,3888
695,3.85,Tindersticks,Tindersticks,Chamber Pop,,,2964
696,3.84,New Day Rising,Hüsker Dü,Post-Hardcore,Alternative Rock,,4616
697,3.94,Sorrow Tears and Blood,Fela Kuti,Afrobeat,,,1118
698,3.95,Matthäus-Passion,Collegium Vocale Gent,Baroque Music,Oratorio,Christian Liturgical Music,430
699,3.9,Eat a Peach,The Allman Brothers Band,Southern Rock,Jam Band,Blues Rock,2949
700,3.83,Paid In Full,Eric B. & Rakim,East Coast Hip Hop,Boom Bap,Hardcore Hip Hop,4474
701,3.84,Lifes Rich Pageant,R.E.M.,Jangle Pop,Alternative Rock,,4905
702,3.83,Reckoning,R.E.M.,Jangle Pop,Alternative Rock,,5447
703,3.86,Over-Nite Sensation,The Mothers,Art Rock,Experimental Rock,,3785
704,3.92,Juju,Wayne Shorter,Modal Jazz,,,1669
705,3.75,Silent Shout,The Knife,Electropop,Synthpop,,6922
706,3.99,Mother 2: ギーグの逆襲,田中宏和 [Hirokazu Tanaka],Video Game Music,16-bit,,530
707,3.77,XXX,Danny Brown,Hardcore Hip Hop,,,6516
708,3.92,Idle Moments,Grant Green,Hard Bop,,,2000
709,3.89,Is This Real?,Wipers,Punk Rock,,,2640
710,3.88,Ironman,Ghostface Killah,East Coast Hip Hop,Hardcore Hip Hop,Boom Bap,3163
711,3.93,África Brasil,Jorge Ben,MPB,Samba-Rock,Funk,1617
712,3.77,Van Halen,Van Halen,Hard Rock,,,5946
713,3.85,Supreme Clientele,Ghostface Killah,East Coast Hip Hop,Hardcore Hip Hop,,3714
714,3.81,Murder Ballads,Nick Cave and The Bad Seeds,Alternative Rock,Singer/Songwriter,,5857
715,3.9,Miles Smiles,Miles Davis Quintet,Modal Jazz,Post-Bop,,2657
716,3.88,Can't Buy a Thrill,Steely Dan,Pop Rock,,,3943
717,3.82,Layla and Other Assorted Love Songs,Derek and The Dominos,Blues Rock,,,4518
718,3.87,The Snow Goose,Camel,Symphonic Prog,Progressive Rock,,3524
719,3.83,Relayer,Yes,Progressive Rock,Symphonic Prog,,5059
720,3.86,Nightfall,Candlemass,Traditional Doom Metal,Doom Metal,,2842
721,3.96,Twin Peaks: Fire Walk With Me,Angelo Badalamenti,Film Score,Dark Jazz,,1376
722,3.9,Ascenseur pour l'échafaud,Miles Davis,Film Score,Cool Jazz,,2351
723,3.93,Conan the Barbarian,Basil Poledouris,Film Score,Orchestral,,673
724,3.84,This Heat,This Heat,Experimental Rock,,,3538
725,3.86,So,Peter Gabriel,Art Pop,Pop Rock,,4772
726,3.88,Secret Treaties,Blue Öyster Cult,Hard Rock,,,2779
727,3.9,Ask the Ages,Sonny Sharrock,Avant-Garde Jazz,,,1481
728,3.74,The Age of Adz,Sufjan Stevens,Art Pop,Progressive Pop,Chamber Pop,7457
729,3.93,Sleeping Beauty,Sun Ra and His Arkestra,Jazz Fusion,Spiritual Jazz,,1290
730,3.9,Call Me,Al Green,Southern Soul,,,2059
731,3.9,Dusty in Memphis,Dusty Springfield,Pop Soul,Blue-Eyed Soul,,2832
732,3.93,El jardín de los presentes,Invisible,Progressive Rock,,,923
733,3.8,American Beauty,Grateful Dead,Folk Rock,Country Rock,,4959
734,3.88,The Crimson Idol,W.A.S.P.,Heavy Metal,,,1810
735,3.87,Hejira,Joni Mitchell,Singer/Songwriter,Jazz Pop,,2643
736,3.89,Long Live Rock 'n' Roll,Rainbow,Hard Rock,Heavy Metal,,3011
737,3.89,Point of Departure,Andrew Hill,Avant-Garde Jazz,,,1964
738,3.97,もののけ姫 (Mononoke-hime),久石譲 [Joe Hisaishi],Film Score,Modern Classical,,704
739,3.84,Meat Puppets II,Meat Puppets,Cowpunk,Alternative Rock,,4126
740,3.85,Small Change,Tom Waits,Singer/Songwriter,Piano Blues,,4324
741,3.87,Moonmadness,Camel,Progressive Rock,Symphonic Prog,,3278
742,3.98,Requiem,BBC Symphony Orchestra,Classical Period,Choral,Christian Liturgical Music,362
743,3.85,Juju,Siouxsie and The Banshees,Gothic Rock,Post-Punk,,3904
744,3.81,From Mars to Sirius,Gojira,Progressive Metal,,,4314
745,3.7,Highway to Hell,AC/DC,Hard Rock,,,8413
746,3.73,Bossanova,Pixies,Alternative Rock,Indie Rock,,8788
747,3.84,Leave Home,Ramones,Punk Rock,,,3718
748,3.74,Halcyon Digest,Deerhunter,Neo-Psychedelia,Indie Rock,,7907
749,3.86,6 Feet Deep,Gravediggaz,Horrorcore,East Coast Hip Hop,Hardcore Hip Hop,2961
750,3.9,Lightning to the Nations,Diamond Head,NWOBHM,Heavy Metal,,1913
751,3.97,Amadeus,Academy of St Martin in the Fields,Classical Period,Film Soundtrack,,427
752,3.93,A Clockwork Orange,Various Artists,Film Soundtrack,Western Classical Music,,1336
753,3.93,Os afro-sambas de Baden e Vinícius,Baden Powell,Samba,,,890
754,3.8,Mekanïk Destruktïw Kommandöh,Magma,Zeuhl,,,3718
755,3.91,Saint Dominic's Preview,Van Morrison,Singer/Songwriter,Folk Rock,,2074
756,3.88,If I Should Fall From Grace With God,The Pogues,Celtic Rock,Folk Rock,Celtic Punk,2836
757,3.85,Black Future,Vektor,Technical Thrash Metal,,,2653
758,3.87,Death Certificate,Ice Cube,West Coast Hip Hop,Political Hip Hop,Gangsta Rap,2482
759,3.83,The United States of America,The United States of America,Psychedelic Rock,Experimental Rock,Art Rock,3914
760,3.91,Hoodoo Man Blues,Junior Wells' Chicago Blues Band,Chicago Blues,,,1240
761,3.92,Cowboy Bebop,The Seatbelts,Television Music,Jazz,Bebop,1720
762,3.94,Tropicália ou panis et circencis,Various Artists,Tropicália,,,1199
763,3.91,The Complete Works,Concertgebouworkest,Modern Classical,,,739
764,3.82,The Marble Index,Nico,Avant-Folk,Chamber Folk,,3657
765,3.87,Koyaanisqatsi,Philip Glass,Minimalism,Film Score,,2237
766,3.75,Achtung Baby,U2,Alternative Rock,Pop Rock,,8311
767,3.92,Ces gens-là,Jacques Brel,Chanson à texte,,,784
768,3.66,Lonerism,Tame Impala,Neo-Psychedelia,,,10142
769,3.91,Funkentelechy vs. the Placebo Syndrome,Parliament,P-Funk,,,1663
770,3.85,Real Life,Magazine,Post-Punk,Art Punk,,3727
771,3.79,Badmotorfinger,Soundgarden,Grunge,Alternative Metal,,6220
772,3.85,Left Hand Path,Entombed,Death Metal,,,3169
773,3.68,(What's the Story) Morning Glory?,Oasis,Britpop,Alternative Rock,,12395
774,3.69,Images and Words,Dream Theater,Progressive Metal,,,8109
775,3.87,Radio City,Big Star,Power Pop,Pop Rock,,3739
776,3.95,The Legend of Zelda (ゼルダの伝説): ムジュラの仮面オリジナル・サウンドトラック (Majora's Mask Original Soundtrack),近藤浩治 [Koji Kondo],Video Game Music,Sequencer & MIDI,,532
777,3.86,Game Theory,The Roots,East Coast Hip Hop,Hardcore Hip Hop,,2939
778,3.85,Buena Vista Social Club,Buena Vista Social Club,Son Cubano,Bolero,Afro-Cuban Jazz,3960
779,3.76,Piñata,Freddie Gibbs,Gangsta Rap,,,5988
780,3.74,A Crow Looked at Me,Mount Eerie,Singer/Songwriter,Indie Folk,Contemporary Folk,5969
781,3.84,Abattoir Blues / The Lyre of Orpheus,Nick Cave & The Bad Seeds,Art Rock,Alternative Rock,,4211
782,3.89,Those Once Loyal,Bolt Thrower,Death Metal,,,1948
783,3.85,Necroticism - Descanting the Insalubrious,Carcass,Death Metal,,,3150
784,3.93,The Legend of Zelda: Ocarina of Time Original Soundtrack,近藤浩治 [Koji Kondo],Video Game Music,Sequencer & MIDI,,868
785,3.83,Spiritual Unity,Albert Ayler Trio,Free Jazz,,,3101
786,3.92,I'm Still in Love With You,Al Green,Southern Soul,,,1537
787,3.93,Free for All,Art Blakey & The Jazz Messengers,Hard Bop,,,1051
788,3.8,Pop,Gas,Ambient,,,3662
789,3.81,Roxy Music,Roxy Music,Art Rock,Glam Rock,,4586
790,3.89,Artaud,Pescado Rabioso,Folk Rock,Singer/Songwriter,,1441
791,3.89,American III: Solitary Man,Johnny Cash,Americana,Country,,2753
792,3.86,Twin Fantasy,Car Seat Headrest,Indie Rock,,,2517
793,3.61,DAMN.,Kendrick Lamar,West Coast Hip Hop,Conscious Hip Hop,,11330
794,3.75,Morrison Hotel,The Doors,Psychedelic Rock,Blues Rock,,7881
795,3.95,Neue Wiener Schule: Die Streichquartette,LaSalle Quartett,Serialism,Chamber Music,,425
796,3.79,The Powers That B,Death Grips,Experimental Hip Hop,Industrial Hip Hop,Glitch Hop,5797
797,3.88,We Insist! Max Roach's Freedom Now Suite,Max Roach,Avant-Garde Jazz,,,1664
798,3.85,E2-E4,Manuel Göttsching,Progressive Electronic,,,2294
799,3.94,Twin Peaks: Limited Event Series Soundtrack,Angelo Badalamenti,Ambient,Television Music,,1023
800,3.8,Ocean Rain,Echo & The Bunnymen,Post-Punk,,,5160
801,3.88,Passion (Music for The Last Temptation of Christ),Peter Gabriel,Film Score,New Age,,2235
802,3.85,Dog Man Star,Suede,Britpop,Glam Rock,Art Rock,3605
803,3.74,Fear of a Blank Planet,Porcupine Tree,Progressive Rock,,,6421
804,3.74,Killers,Iron Maiden,NWOBHM,Heavy Metal,,7571
805,3.87,From the Lions Mouth,The Sound,Post-Punk,,,2595
806,3.82,Divers,Joanna Newsom,Chamber Folk,Singer/Songwriter,,3922
807,3.8,Perdition City,Ulver,Electronic,Trip Hop,,5070
808,3.83,Cure for Pain,Morphine,Jazz-Rock,Alternative Rock,,3654
809,3.88,Unhalfbricking,Fairport Convention,British Folk Rock,Folk Rock,,2350
810,3.85,To the Nameless Dead,Primordial,Folk Metal,,,2247
811,3.8,Morningrise,Opeth,Progressive Metal,,,5051
812,3.78,Michigan,Sufjan Stevens,Chamber Folk,Singer/Songwriter,Indie Folk,6885
813,3.89,Ewa Demarczyk śpiewa piosenki Zygmunta Koniecznego,Ewa Demarczyk,Poezja śpiewana,,,1076
814,3.85,Franks Wild Years,Tom Waits,Singer/Songwriter,,,3951
815,3.87,Tindersticks [II],Tindersticks,Chamber Pop,,,2195
816,3.82,Lightbulb Sun,Porcupine Tree,Progressive Rock,,,4482
817,3.85,加爾基 精液 栗ノ花 (Kalk Samen Kuri no Hana),椎名林檎 [Sheena Ringo],Art Pop,,,2072
818,3.86,The Sun Rises in the East,Jeru the Damaja,East Coast Hip Hop,Boom Bap,Conscious Hip Hop,2401
819,3.94,Symphony No. 3 (Symphony of Sorrowful Songs); 3 Olden Style Pieces,Narodowa Orkiestra Symfoniczna Polskiego Radia w Katowicach,Modern Classical,,,389
820,3.75,Millions Now Living Will Never Die,Tortoise,Post-Rock,Experimental Rock,,5735
821,3.82,Streetcleaner,Godflesh,Industrial Metal,Sludge Metal,,3734
822,3.87,Younger Than Yesterday,The Byrds,Folk Rock,Psychedelic Pop,Pop Rock,3864
823,3.81,Heartwork,Carcass,Melodic Death Metal,,,4319
824,3.88,Countdown to Ecstasy,Steely Dan,Pop Rock,,,3069
825,3.82,Yank Crime,Drive Like Jehu,Post-Hardcore,Math Rock,,3928
826,3.88,One Nation Under a Groove,Funkadelic,P-Funk,Funk Rock,,2728
827,3.88,The Notorious Byrd Brothers,The Byrds,Folk Rock,Psychedelic Rock,Pop Rock,3424
828,3.82,Octopus,Gentle Giant,Progressive Rock,,,3855
829,3.85,Billion Dollar Babies,Alice Cooper,Hard Rock,Glam Rock,,3272
830,3.96,Final Fantasy IX Original Soundtrack,植松伸夫 [Nobuo Uematsu],Video Game Music,Sequencer & MIDI,,569
831,3.86,Les cinq saisons,Harmonium,Progressive Folk,,,1943
832,3.88,Lola Versus Powerman and the Moneygoround (Part One),The Kinks,Pop Rock,,,3543
833,3.65,Blood Sugar Sex Magik,Red Hot Chili Peppers,Funk Rock,Alternative Rock,,10850
834,3.86,16 Lovers Lane,The Go-Betweens,Jangle Pop,Indie Pop,,2865
835,3.89,It'll All Work Out in Boomland,T2,Progressive Rock,Heavy Psych,,1667
836,3.91,The Real McCoy,McCoy Tyner,Post-Bop,,,1430
837,3.93,Arnold Schoenberg 2: Streichquartette I-IV,Arditti String Quartet,Expressionism,Chamber Music,Serialism,546
838,3.83,Stand Up,Jethro Tull,Blues Rock,Progressive Rock,,3695
839,3.87,Moondog,Moondog,Third Stream,Modern Classical,,2883
840,3.85,Blowout Comb,Digable Planets,Jazz Rap,East Coast Hip Hop,Conscious Hip Hop,2633
841,3.88,No More Color,Coroner,Technical Thrash Metal,Thrash Metal,,1962
842,3.81,Off the Wall,Michael Jackson,Disco,Pop,,5720
843,3.78,Skeleton Tree,Nick Cave & The Bad Seeds,Singer/Songwriter,Art Rock,,4983
844,3.91,Estudando o samba,Tom Zé,Samba,MPB,,1108
845,3.64,Let It Be,The Beatles,Pop Rock,Rock,,14453
846,3.87,Les stances à Sophie,Art Ensemble of Chicago,Avant-Garde Jazz,Film Soundtrack,,1900
847,3.88,Caravanserai,Santana,Jazz-Rock,Latin Rock,,2122
848,3.93,The Godfather,Nino Rota,Film Score,Modern Classical,,896
849,3.84,Scott 3,Scott Walker,Baroque Pop,Art Pop,Singer/Songwriter,3256
850,3.83,City,Strapping Young Lad,Industrial Metal,,,3060
851,3.91,Sun Ship,John Coltrane,Avant-Garde Jazz,Spiritual Jazz,,1385
852,3.84,Birds of Fire,Mahavishnu Orchestra,Jazz Fusion,Jazz-Rock,,3266
853,3.82,A Piece of Strange,CunninLynguists,Southern Hip Hop,Conscious Hip Hop,,3027
854,3.84,Secrets of the Beehive,David Sylvian,Art Pop,Ambient Pop,,2887
855,3.84,Biomech,Ocean Machine,Progressive Metal,Alternative Metal,,2685
856,3.68,Frances the Mute,The Mars Volta,Progressive Rock,Art Rock,Experimental Rock,8178
857,3.9,El patio,Triana,Andalusian Rock,,,1231
858,3.9,Tijuana Moods,Charlie Mingus,Post-Bop,,,1866
859,3.84,Verisäkeet,Moonsorrow,Folk Metal,Black Metal,,1980
860,3.9,Ella Fitzgerald Sings the Cole Porter Song Book,Ella Fitzgerald,Vocal Jazz,Standards,,1018
861,3.94,Pétrouchka; Le Sacre du printemps,Cleveland Orchestra,Modern Classical,Orchestral,,300
862,3.82,The Woods,Sleater-Kinney,Indie Rock,,,3681
863,3.92,The Lord of the Rings: The Two Towers,Howard Shore,Film Score,Orchestral,,1101
864,3.87,Peace and Love,Dadawah,Nyahbinghi,,,1302
865,3.84,Killer,Alice Cooper,Hard Rock,Glam Rock,,2959
866,3.89,Little Girl Blue,Nina Simone,Vocal Jazz,,,1459
867,3.87,Santana,Santana,Latin Rock,,,2829
868,3.83,Be,Common,Conscious Hip Hop,,,3813
869,3.78,The Real Thing,Faith No More,Funk Metal,Alternative Metal,Alternative Rock,6077
870,3.92,Fôrça bruta,Jorge Ben,Samba Soul,Samba-Rock,MPB,1216
871,3.81,Songs of Faith and Devotion,Depeche Mode,Alternative Rock,,,4467
872,3.73,Vs.,Pearl Jam,Grunge,Alternative Rock,,7559
873,3.85,Souls at Zero,Neurosis,Atmospheric Sludge Metal,Sludge Metal,,2416
874,3.91,Vertigo,Bernard Herrmann,Film Score,Orchestral,,631
875,3.69,Metropolis Pt. 2: Scenes From a Memory,Dream Theater,Progressive Metal,,,6913
876,3.88,The Chemical Wedding,Bruce Dickinson,Heavy Metal,,,1795
877,3.79,Another Side of Bob Dylan,Bob Dylan,Contemporary Folk,Singer/Songwriter,,5763
878,3.85,Covenant,Morbid Angel,Death Metal,,,2928
879,3.87,"""X""",Klaus Schulze,Berlin School,Progressive Electronic,,1627
880,3.9,"""Al final de este viaje...""",Silvio Rodríguez,Nueva trova,,,655
881,3.93,Koyaanisqatsi,Philip Glass,Minimalism,Film Score,,497
882,3.88,Nefertiti,Miles Davis,Post-Bop,Modal Jazz,,2333
883,3.79,Smile,Brian Wilson,Psychedelic Pop,Baroque Pop,,4378
884,3.93,Search for the New Land,Lee Morgan,Post-Bop,,,909
885,3.84,Wildhoney,Tiamat,Gothic Metal,,,2547
886,3.76,Rossz csillag alatt született,Venetian Snares,Breakcore,Drill and Bass,,5133
887,3.91,Coltrane,John Coltrane,Modal Jazz,Post-Bop,,1352
888,3.86,The Hissing of Summer Lawns,Joni Mitchell,Singer/Songwriter,Jazz Pop,,2417
889,3.87,You Got My Mind Messed Up,James Carr,Deep Soul,Southern Soul,,1535
890,3.74,Autobahn,Kraftwerk,Progressive Electronic,,,6816
891,3.85,Love It to Death,Alice Cooper,Hard Rock,Glam Rock,,2825
892,3.99,Symphonie No. 9 / Moldau,Wiener Philharmoniker,Romanticism,Symphony,,170
893,3.72,"Hissing Fauna, Are You the Destroyer?",of Montreal,Psychedelic Pop,Indie Pop,Neo-Psychedelia,6587
894,3.82,Hell Hath No Fury,Clipse,Southern Hip Hop,Gangsta Rap,,3176
895,3.74,The ArchAndroid,Janelle Monáe,Contemporary R&B,Art Pop,,5966
896,3.8,Keeper of the Seven Keys Part I,Helloween,Power Metal,,,3570
897,3.89,Complete & Unbelievable: The Otis Redding Dictionary of Soul,Otis Redding,Deep Soul,Southern Soul,,1408
898,3.84,Dead as Dreams,Weakling,Black Metal,,,1957
899,3.91,Nina Simone Sings the Blues,Nina Simone,Blues,Soul Jazz,,1232
900,3.9,Don Cherry,Don Cherry,Spiritual Jazz,Avant-Garde Jazz,,1024
901,3.68,Demon Days,Gorillaz,Art Pop,Trip Hop,,12292
902,3.8,Dopesmoker,Sleep,Stoner Metal,Doom Metal,,4102
903,3.9,Clifford Brown and Max Roach,Clifford Brown and Max Roach,Hard Bop,,,1129
904,3.89,Santana III,Santana,Latin Rock,,,1915
905,3.8,A Trick of the Tail,Genesis,Progressive Rock,,,4370
906,3.89,Feldman Edition 6: String Quartet No. 2,FLUX Quartet,Modern Classical,Chamber Music,,490
907,3.81,Judgement,Anathema,Alternative Rock,,,3455
908,3.81,Stupid Dream,Porcupine Tree,Progressive Rock,,,4296
909,3.8,Machine Gun,The Peter Brötzmann Octet,European Free Jazz,,,2592
910,3.83,Velocity : Design : Comfort,Sweet Trip,Glitch Pop,IDM,Shoegaze,3016
911,3.91,Requiem KV 626,Berliner Philharmoniker,Choral,Classical Period,Christian Liturgical Music,347
912,3.83,"Parsley, Sage, Rosemary and Thyme",Simon and Garfunkel,Folk Pop,Folk Rock,,3696
913,3.81,Transient Random-Noise Bursts With Announcements,Stereolab,Noise Pop,Experimental Rock,Art Pop,3831
914,3.81,Kimono My House,Sparks,Glam Rock,Pop Rock,Art Pop,4116
915,3.7,Sea Change,Beck,Singer/Songwriter,Folk Rock,,8280
916,3.69,'Allelujah! Don't Bend! Ascend!,Godspeed You! Black Emperor,Post-Rock,,,7740
917,3.81,Satori,Flower Travellin' Band,Heavy Psych,,,3206
918,3.9,The Lord of the Rings: The Return of the King,Howard Shore,Film Score,Orchestral,,1059
919,3.82,Time Out of Mind,Bob Dylan,Singer/Songwriter,Folk Rock,,4169
920,3.81,Summerteeth,Wilco,Indie Rock,Pop Rock,,6019
921,3.75,Focus,Cynic,Progressive Metal,Technical Death Metal,,4739
922,3.85,Pretzel Logic,Steely Dan,Pop Rock,,,3536
923,3.84,Face to Face,The Kinks,Pop Rock,Mod,,4224
924,3.66,The Earth Is Not a Cold Dead Place,Explosions in the Sky,Post-Rock,,,8503
925,3.87,Jesus Christ Superstar,Andrew Lloyd Webber and Tim Rice,Rock Opera,,,896
926,3.81,Under the Sign of the Black Mark,Bathory,Black Metal,,,3458
927,3.88,Scheherazade and Other Stories,Renaissance,Symphonic Prog,Progressive Rock,,1698
928,3.75,Tubular Bells,Mike Oldfield,Progressive Rock,Symphonic Prog,,5344
929,3.8,Days of Future Passed,The Moody Blues With The London Festival Orchestra,Baroque Pop,Art Rock,Symphonic Prog,4248
930,3.9,Cool Struttin',Sonny Clark,Hard Bop,,,1151
931,3.83,Pleasure to Kill,Kreator,Thrash Metal,,,3246
932,3.89,Non al denaro non all'amore né al cielo,Fabrizio De André,Canzone d'autore,Singer/Songwriter,Contemporary Folk,1361
933,3.87,Shiny Beast (Bat Chain Puller),Captain Beefheart and The Magic Band,Art Rock,Experimental Rock,,2362
934,3.78,Hell Awaits,Slayer,Thrash Metal,,,4870
935,3.98,String Quartets Nos. 1-3,The Tale Quartet,Chamber Music,Serialism,Modern Classical,312
936,3.76,The Milk-Eyed Mender,Joanna Newsom,Contemporary Folk,Singer/Songwriter,,5630
937,3.9,Crescent,John Coltrane Quartet,Post-Bop,,,1528
938,4.0,Symphonie Nr. 5,Berliner Philharmoniker,Symphony,Classical Period,Romanticism,181
939,3.87,Milestones,Miles Davis,Hard Bop,,,2561
940,3.78,Figure 8,Elliott Smith,Singer/Songwriter,Indie Pop,,5627
941,3.81,To Mega Therion,Celtic Frost,Thrash Metal,,,3585
942,3.78,Operation: Doomsday,MF DOOM,East Coast Hip Hop,Abstract Hip Hop,,5224
943,3.74,White Blood Cells,The White Stripes,Garage Rock Revival,Alternative Rock,,9379
944,3.72,Parklife,Blur,Britpop,,,9004
945,3.8,Songs From a Room,Leonard Cohen,Contemporary Folk,Singer/Songwriter,,4602
946,3.75,"Ravedeath, 1972",Tim Hecker,Ambient,Drone,,5356
947,3.75,Pygmalion,Slowdive,Ambient Pop,Dream Pop,,5464
948,3.92,ワンダと巨像 大地の咆哮 (Wander and the Colossus: Roar of the Earth),大谷幸 [Ko Otani],Video Game Music,Orchestral,,558
949,3.85,New Skin for the Old Ceremony,Leonard Cohen,Singer/Songwriter,Contemporary Folk,,3114
950,3.77,Starless and Bible Black,King Crimson,Progressive Rock,Experimental Rock,,5421
951,3.84,Henry's Dream,Nick Cave & The Bad Seeds,Post-Punk,Punk Blues,Singer/Songwriter,3813
952,3.93,Tristan und Isolde,Wilhelm Furtwängler,Opera,Romanticism,,325
953,3.76,Just for a Day,Slowdive,Dream Pop,Shoegaze,,5938
954,3.79,Blizzard of Ozz,Ozzy Osbourne,Heavy Metal,Hard Rock,,4843
955,3.86,Quebec,Ween,Psychedelic Rock,Art Rock,Alternative Rock,2600
956,3.78,Paracletus,Deathspell Omega,Black Metal,,,3257
957,3.78,Imagine,John Lennon,Pop Rock,Singer/Songwriter,,6578
958,3.76,Monster Movie,The Can,Krautrock,Psychedelic Rock,,5929
959,3.94,Die Kunst der Fuge,Evgeni Koroliov,Baroque Music,,,343
960,3.82,Never for Ever,Kate Bush,Art Pop,Baroque Pop,,3850
961,3.88,Bridge of Sighs,Robin Trower,Blues Rock,Hard Rock,,1541
962,3.84,Hammerheart,Bathory,Viking Metal,,,3374
963,3.94,Vingt regards sur l'enfant-Jésus,Steven Osborne,Modern Classical,,,272
964,3.87,The Allman Brothers Band,The Allman Brothers Band,Southern Rock,Blues Rock,,2095
965,3.85,Captain Beyond,Captain Beyond,Heavy Psych,Hard Rock,,2268
966,3.88,"If I Could Do It All Over Again, I'd Do It All Over You",Caravan,Canterbury Scene,Progressive Rock,,2034
967,3.88,Le mystère des voix bulgares : volume 1,Le Mystère des voix bulgares,Bulgarian Folk Music,Polyphonic Chant,,1216
968,3.88,Didn't It Rain,Songs: Ohia,Singer/Songwriter,Contemporary Folk,,1505
969,3.83,Songs From the Wood,Jethro Tull,Folk Rock,Progressive Rock,,3042
970,3.89,Tim Burton's The Nightmare Before Christmas,Danny Elfman,Film Score,Show Tunes,Holiday Music,1164
971,3.87,The Royal Scam,Steely Dan,Pop Rock,,,2574
972,3.93,Études Op.10 & Op.25,Maurizio Pollini,Romanticism,,,390
973,3.83,Alice,Tom Waits,Singer/Songwriter,Dark Cabaret,,3820
974,3.87,Cold Fact,Rodriguez,Folk Rock,Singer/Songwriter,,2010
975,3.93,千と千尋の神隠し (Sen to Chihiro no kamikakushi),久石譲 [Joe Hisaishi],Film Score,Modern Classical,Neoclassical New Age,818
976,3.82,Dots and Loops,Stereolab,Art Pop,,,3282
977,3.84,Clandestine,Entombed,Death Metal,,,2399
978,3.88,"Ptah, the El Daoud",Alice Coltrane,Spiritual Jazz,Avant-Garde Jazz,,1512
979,3.8,Tilt,Scott Walker,Experimental,Singer/Songwriter,,3050
980,3.78,King for a Day... Fool for a Lifetime,Faith No More,Alternative Metal,,,4687
981,3.8,Not Available,The Residents,Experimental,,,2876
982,3.8,Saturation III,Brockhampton,Pop Rap,West Coast Hip Hop,,4203
983,3.82,Southernplayalisticadillacmuzik,OutKast,Southern Hip Hop,,,3683
984,3.81,Bonded by Blood,Exodus,Thrash Metal,,,3311
985,3.9,Black Unity,Pharoah Sanders,Spiritual Jazz,Avant-Garde Jazz,Free Jazz,1335
986,3.8,Brighten the Corners,Pavement,Indie Rock,,,4981
987,3.89,Samba esquema novo,Jorge Ben,Samba,,,1457
988,3.97,Nocturnes,Maurizio Pollini,Romanticism,,,216
989,3.86,Follow the Leader,Eric B. & Rakim,East Coast Hip Hop,Boom Bap,Hardcore Hip Hop,2214
990,3.91,DK Jamz,David Wise,Video Game Music,16-bit,,463
991,3.92,Sobrevivendo no inferno,Racionais MC's,Conscious Hip Hop,Boom Bap,Hardcore Hip Hop,415
992,3.78,Ill Communication,Beastie Boys,East Coast Hip Hop,,,5095
993,3.84,Germfree Adolescents,X-Ray Spex,Punk Rock,,,2199
994,3.72,Straight Outta Compton,N.W.A,Gangsta Rap,West Coast Hip Hop,,6330
995,3.81,Low-Life,New Order,Synthpop,New Wave,Alternative Dance,4825
996,3.89,Gentleman,Fela Kuti,Afrobeat,,,1305
997,3.93,David Lynch's Mulholland Dr.,Various Artists,Film Soundtrack,,,794
998,4.0,Die Kunst der Fuge,Tatiana Nikolayeva,Baroque Music,,,227
999,3.84,Structures From Silence,Steve Roach,Space Ambient,Ambient,,2043
